product_id,product_name,category,unit_price
1,Premium Its Bicycle,Fitness & Outdoors,989.4
2,Wireless Full Shoes,Apparel & Clothing,1035.79
3,Minimalist Goal Laptop,Electronics,512.29
4,Premium Measure Socks,Apparel & Clothing,1101.21
5,Eco-Friendly Occur Bicycle,Fitness & Outdoors,721.09
6,Eco-Friendly Four Tent,Fitness & Outdoors,555.53
7,Smart Something Chair,Home & Furniture,933.37
8,Ergonomic Decade Socks,Apparel & Clothing,227.61
9,Durable Suffer Chair,Home & Furniture,594.9
10,Premium Hard Shoes,Apparel & Clothing,868.0
11,Portable Anyone Backpack,Apparel & Clothing,369.45
12,Wireless Here Shoes,Apparel & Clothing,1291.84
13,Premium Which T-Shirt,Apparel & Clothing,272.18
14,Premium Its Shoes,Apparel & Clothing,1262.56
15,Minimalist Box Jacket,Apparel & Clothing,400.13
16,Durable Long Headphones,Electronics,127.18
17,Portable Matter Tent,Fitness & Outdoors,1052.25
18,Durable After Dumbbells,Fitness & Outdoors,1242.61
19,Minimalist Choice Socks,Apparel & Clothing,824.4
20,Premium Specific Dumbbells,Fitness & Outdoors,587.81
21,Smart Already Jacket,Apparel & Clothing,982.78
22,Smart Heart Sofa,Home & Furniture,1191.64
23,Ergonomic Many Camera,Electronics,336.47
24,Premium Fear Watch,Electronics,744.15
25,Durable Address Water Bottle,Fitness & Outdoors,740.21
26,Wireless Bed Camera,Electronics,820.07
27,Minimalist Major Lamp,Home & Furniture,228.48
28,Minimalist Eight Jeans,Apparel & Clothing,247.42
29,Smart Third Smartphone,Electronics,76.56
30,Eco-Friendly Yourself Chair,Home & Furniture,861.11
31,Smart Public Backpack,Apparel & Clothing,950.96
32,Eco-Friendly Collection Tent,Fitness & Outdoors,491.58
33,Durable Executive Camera,Electronics,47.84
34,Durable Property Laptop,Electronics,1261.18
35,Eco-Friendly Store Jeans,Apparel & Clothing,48.63
36,Minimalist Likely Bicycle,Fitness & Outdoors,833.98
37,Portable Person Jeans,Apparel & Clothing,984.04
38,Durable Stand Socks,Apparel & Clothing,454.9
39,Wireless People Jacket,Apparel & Clothing,1268.04
40,Durable Capital Smartphone,Electronics,630.16
41,Premium President Yoga Mat,Fitness & Outdoors,1037.97
42,Durable Yet Laptop,Electronics,335.93
43,Portable Maybe Tent,Fitness & Outdoors,1275.25
44,Premium Herself Speaker,Electronics,156.29
45,Portable Table Sofa,Home & Furniture,979.43
46,Minimalist Price Speaker,Electronics,123.64
47,Premium Number Yoga Mat,Fitness & Outdoors,1246.7
48,Smart Television Bicycle,Fitness & Outdoors,956.44
49,Durable Time Laptop,Electronics,765.08
50,Minimalist Year Jeans,Apparel & Clothing,1270.52
51,Ergonomic Up Watch,Electronics,336.4
52,Durable Leg Dining Table,Home & Furniture,21.4
53,Premium Blood Yoga Mat,Fitness & Outdoors,1071.09
54,Wireless Against Dumbbells,Fitness & Outdoors,629.09
55,Minimalist House Sofa,Home & Furniture,414.04
56,Minimalist Hair Yoga Mat,Fitness & Outdoors,75.55
57,Portable Term Watch,Electronics,199.27
58,Ergonomic About Tent,Fitness & Outdoors,693.3
59,Wireless Physical Bicycle,Fitness & Outdoors,285.12
60,Durable Side Water Bottle,Fitness & Outdoors,504.29
61,Eco-Friendly Your T-Shirt,Apparel & Clothing,161.15
62,Wireless Bit Laptop,Electronics,1147.96
63,Minimalist Large Dining Table,Home & Furniture,275.89
64,Portable Administration Backpack,Apparel & Clothing,1211.86
65,Portable Standard Speaker,Electronics,338.08
66,Minimalist Together Desk,Home & Furniture,949.84
67,Minimalist Language Desk,Home & Furniture,339.61
68,Premium Goal Socks,Apparel & Clothing,1144.9
69,Durable Stay Bicycle,Fitness & Outdoors,1271.08
70,Portable Itself Smartphone,Electronics,280.0
71,Eco-Friendly Professor Laptop,Electronics,1139.91
72,Ergonomic Collection Camera,Electronics,299.27
73,Minimalist Fire Bicycle,Fitness & Outdoors,1040.82
74,Ergonomic Site Tent,Fitness & Outdoors,189.8
75,Ergonomic Describe Headphones,Electronics,285.36
76,Premium Analysis Dining Table,Home & Furniture,1159.9
77,Portable Over Jacket,Apparel & Clothing,62.29
78,Durable All Jeans,Apparel & Clothing,1217.27
79,Ergonomic Bag Speaker,Electronics,730.2
80,Wireless Wish Bookshelf,Home & Furniture,1089.94
81,Portable Window Bookshelf,Home & Furniture,774.57
82,Durable Where T-Shirt,Apparel & Clothing,510.64
83,Wireless Small Dining Table,Home & Furniture,81.32
84,Smart Provide Sofa,Home & Furniture,76.3
85,Wireless Board Jeans,Apparel & Clothing,753.82
86,Portable Number Water Bottle,Fitness & Outdoors,521.71
87,Portable Public Laptop,Electronics,36.23
88,Durable Inside Yoga Mat,Fitness & Outdoors,485.71
89,Portable Research Speaker,Electronics,1095.04
90,Wireless Along Laptop,Electronics,480.85
91,Premium With Watch,Electronics,639.56
92,Ergonomic Environment Jacket,Apparel & Clothing,742.3
93,Smart Foreign Water Bottle,Fitness & Outdoors,296.36
94,Durable White Headphones,Electronics,395.51
95,Premium Seven Laptop,Electronics,415.4
96,Minimalist Accept Sofa,Home & Furniture,647.69
97,Durable Country Water Bottle,Fitness & Outdoors,301.39
98,Portable Cover Shoes,Apparel & Clothing,432.37
99,Portable Listen Headphones,Electronics,1235.22
100,Premium Exist Dumbbells,Fitness & Outdoors,244.92
101,Durable Realize Bookshelf,Home & Furniture,824.82
102,Portable Attention Jacket,Apparel & Clothing,532.18
103,Minimalist But Camera,Electronics,62.85
104,Eco-Friendly Discussion Sofa,Home & Furniture,99.73
105,Smart Develop Laptop,Electronics,154.48
106,Smart Buy Dumbbells,Fitness & Outdoors,241.18
107,Ergonomic Bed Jeans,Apparel & Clothing,86.16
108,Premium One Smartphone,Electronics,718.11
109,Ergonomic Law Yoga Mat,Fitness & Outdoors,184.87
110,Portable Force Bicycle,Fitness & Outdoors,403.22
111,Portable Respond Sofa,Home & Furniture,840.29
112,Smart Dog Lamp,Home & Furniture,112.41
113,Premium Course Yoga Mat,Fitness & Outdoors,56.82
114,Eco-Friendly Mouth Jacket,Apparel & Clothing,820.96
115,Premium Reason Speaker,Electronics,280.16
116,Premium Relate Lamp,Home & Furniture,1079.43
117,Smart Under Backpack,Apparel & Clothing,604.81
118,Ergonomic Score T-Shirt,Apparel & Clothing,510.68
119,Eco-Friendly Rich Laptop,Electronics,765.75
120,Durable Could Jeans,Apparel & Clothing,620.94
121,Durable Interest Desk,Home & Furniture,1044.58
122,Portable Rock Dumbbells,Fitness & Outdoors,598.49
123,Smart South Tent,Fitness & Outdoors,844.24
124,Eco-Friendly With Backpack,Apparel & Clothing,354.37
125,Wireless Find Jeans,Apparel & Clothing,40.84
126,Minimalist Sing Dumbbells,Fitness & Outdoors,472.38
127,Smart Clear Tent,Fitness & Outdoors,472.43
128,Premium Class Camera,Electronics,1067.74
129,Wireless Hit Desk,Home & Furniture,34.7
130,Minimalist Resource Jacket,Apparel & Clothing,644.08
131,Durable Try Water Bottle,Fitness & Outdoors,904.94
132,Premium Young Tent,Fitness & Outdoors,713.44
133,Smart Song Jacket,Apparel & Clothing,1046.72
134,Durable Defense Backpack,Apparel & Clothing,285.44
135,Durable Industry Bicycle,Fitness & Outdoors,915.82
136,Minimalist May Lamp,Home & Furniture,654.78
137,Premium Station Yoga Mat,Fitness & Outdoors,102.98
138,Wireless Event Headphones,Electronics,1284.97
139,Smart Resource Backpack,Apparel & Clothing,683.87
140,Portable Agreement Sofa,Home & Furniture,836.34
141,Ergonomic Benefit Water Bottle,Fitness & Outdoors,1243.87
142,Smart Support Laptop,Electronics,143.51
143,Portable Anything Socks,Apparel & Clothing,1150.86
144,Premium Wear Bicycle,Fitness & Outdoors,573.71
145,Ergonomic Continue Camera,Electronics,437.15
146,Minimalist Final Shoes,Apparel & Clothing,98.62
147,Durable Board Socks,Apparel & Clothing,1190.41
148,Ergonomic Ever Jacket,Apparel & Clothing,754.6
149,Premium Offer Water Bottle,Fitness & Outdoors,506.48
150,Portable Minute Bookshelf,Home & Furniture,471.67
151,Minimalist Money Backpack,Apparel & Clothing,607.15
152,Durable Activity Dining Table,Home & Furniture,1141.09
153,Portable Space Headphones,Electronics,508.6
154,Durable Choice Desk,Home & Furniture,825.89
155,Smart Authority Sofa,Home & Furniture,55.96
156,Durable Wonder Bookshelf,Home & Furniture,300.05
157,Smart Base Backpack,Apparel & Clothing,498.86
158,Eco-Friendly Price Headphones,Electronics,175.85
159,Premium Say Speaker,Electronics,790.6
160,Wireless Analysis Yoga Mat,Fitness & Outdoors,122.83
161,Portable None T-Shirt,Apparel & Clothing,1094.35
162,Eco-Friendly Popular T-Shirt,Apparel & Clothing,611.93
163,Durable Reach Desk,Home & Furniture,1259.1
164,Minimalist Seek Lamp,Home & Furniture,1155.14
165,Durable You Water Bottle,Fitness & Outdoors,734.62
166,Eco-Friendly Song Jacket,Apparel & Clothing,522.94
167,Ergonomic Effect Speaker,Electronics,615.04
168,Durable Attack Smartphone,Electronics,266.97
169,Smart Hit Shoes,Apparel & Clothing,1042.5
170,Durable Building Jacket,Apparel & Clothing,463.6
171,Durable Power Jeans,Apparel & Clothing,627.43
172,Minimalist Nation Dining Table,Home & Furniture,750.79
173,Minimalist Dark Jeans,Apparel & Clothing,414.56
174,Minimalist Firm Jeans,Apparel & Clothing,144.39
175,Portable Affect Backpack,Apparel & Clothing,224.63
176,Premium Per Lamp,Home & Furniture,1136.02
177,Wireless Thank Watch,Electronics,1207.64
178,Smart Election Water Bottle,Fitness & Outdoors,406.04
179,Wireless Meeting Jeans,Apparel & Clothing,703.88
180,Durable Guess Yoga Mat,Fitness & Outdoors,926.96
181,Premium Increase Chair,Home & Furniture,865.46
182,Smart Administration Chair,Home & Furniture,853.05
183,Portable Eat Shoes,Apparel & Clothing,602.8
184,Smart Customer Bookshelf,Home & Furniture,1062.83
185,Wireless Decide Watch,Electronics,701.78
186,Portable Difficult Speaker,Electronics,258.72
187,Wireless Operation Chair,Home & Furniture,952.9
188,Durable Personal Bookshelf,Home & Furniture,941.43
189,Minimalist Position Socks,Apparel & Clothing,1106.96
190,Ergonomic Charge Headphones,Electronics,432.85
191,Premium Full Tent,Fitness & Outdoors,829.17
192,Minimalist Agreement Smartphone,Electronics,882.02
193,Premium Record Jeans,Apparel & Clothing,629.74
194,Minimalist Soon Sofa,Home & Furniture,903.41
195,Premium Week Sofa,Home & Furniture,1020.2
196,Wireless Article Smartphone,Electronics,18.22
197,Eco-Friendly Allow Yoga Mat,Fitness & Outdoors,277.58
198,Premium Sit Headphones,Electronics,154.55
199,Minimalist Where Headphones,Electronics,758.23
200,Ergonomic Base Socks,Apparel & Clothing,210.87
201,Smart That Chair,Home & Furniture,161.16
202,Durable Care Bookshelf,Home & Furniture,102.41
203,Minimalist Difficult Backpack,Apparel & Clothing,46.76
204,Portable Author Sofa,Home & Furniture,1005.16
205,Eco-Friendly Green Headphones,Electronics,92.53
206,Portable College Bicycle,Fitness & Outdoors,875.52
207,Eco-Friendly Subject Shoes,Apparel & Clothing,937.67
208,Ergonomic Decade Dumbbells,Fitness & Outdoors,810.68
209,Smart Matter Tent,Fitness & Outdoors,554.64
210,Eco-Friendly Despite T-Shirt,Apparel & Clothing,192.62
211,Eco-Friendly South Yoga Mat,Fitness & Outdoors,361.11
212,Durable Especially Shoes,Apparel & Clothing,927.4
213,Minimalist Father Laptop,Electronics,496.94
214,Premium Size Laptop,Electronics,1012.1
215,Eco-Friendly Just Camera,Electronics,730.17
216,Portable Leg Bicycle,Fitness & Outdoors,1153.61
217,Minimalist Seek Socks,Apparel & Clothing,450.84
218,Wireless Pull Jeans,Apparel & Clothing,926.26
219,Portable Stay Backpack,Apparel & Clothing,1199.46
220,Wireless Process Bookshelf,Home & Furniture,1023.15
221,Minimalist Pull Backpack,Apparel & Clothing,973.71
222,Wireless Animal Dumbbells,Fitness & Outdoors,538.25
223,Wireless Show Lamp,Home & Furniture,611.1
224,Minimalist Want Shoes,Apparel & Clothing,510.58
225,Portable Create Shoes,Apparel & Clothing,32.84
226,Ergonomic Imagine Smartphone,Electronics,1297.8
227,Durable Compare Watch,Electronics,941.17
228,Minimalist Team Jeans,Apparel & Clothing,625.9
229,Eco-Friendly Hundred Laptop,Electronics,1243.48
230,Durable Adult Backpack,Apparel & Clothing,238.7
231,Durable Issue Jacket,Apparel & Clothing,89.23
232,Eco-Friendly Upon Jeans,Apparel & Clothing,449.08
233,Minimalist Together Dumbbells,Fitness & Outdoors,643.62
234,Eco-Friendly Whole Jeans,Apparel & Clothing,909.01
235,Durable Design Water Bottle,Fitness & Outdoors,1299.79
236,Minimalist Simply Speaker,Electronics,553.01
237,Durable Too Dining Table,Home & Furniture,290.35
238,Ergonomic Others Chair,Home & Furniture,930.85
239,Ergonomic Mrs Speaker,Electronics,570.35
240,Durable Dog Yoga Mat,Fitness & Outdoors,285.56
241,Eco-Friendly Consumer Jeans,Apparel & Clothing,1164.57
242,Smart Prove Bicycle,Fitness & Outdoors,200.35
243,Portable Itself Chair,Home & Furniture,1141.5
244,Ergonomic Service Bicycle,Fitness & Outdoors,530.98
245,Wireless No Laptop,Electronics,62.52
246,Wireless Family Smartphone,Electronics,355.82
247,Smart Try Bookshelf,Home & Furniture,896.6
248,Portable Nor Socks,Apparel & Clothing,501.02
249,Portable Dog Sofa,Home & Furniture,424.45
250,Smart Method Dining Table,Home & Furniture,204.38
251,Eco-Friendly Imagine Bicycle,Fitness & Outdoors,941.37
252,Eco-Friendly Air Watch,Electronics,1247.55
253,Durable Majority Socks,Apparel & Clothing,68.3
254,Ergonomic Explain Jacket,Apparel & Clothing,887.05
255,Portable Body Jacket,Apparel & Clothing,868.19
256,Minimalist Nature Tent,Fitness & Outdoors,578.54
257,Premium Culture Jeans,Apparel & Clothing,1126.19
258,Durable Eye Bookshelf,Home & Furniture,542.03
259,Durable Paper Socks,Apparel & Clothing,1206.9
260,Portable Catch Bicycle,Fitness & Outdoors,1069.18
261,Smart Health Bookshelf,Home & Furniture,1115.06
262,Wireless Just Bicycle,Fitness & Outdoors,1105.73
263,Eco-Friendly Spend Speaker,Electronics,917.58
264,Wireless Onto Shoes,Apparel & Clothing,1274.28
265,Premium Eye Headphones,Electronics,524.53
266,Eco-Friendly Use Lamp,Home & Furniture,417.17
267,Wireless Wind Backpack,Apparel & Clothing,830.2
268,Wireless Professor Socks,Apparel & Clothing,536.76
269,Durable Explain Dining Table,Home & Furniture,925.12
270,Wireless Guess Jeans,Apparel & Clothing,274.27
271,Ergonomic True Smartphone,Electronics,463.86
272,Portable Kid Socks,Apparel & Clothing,28.74
273,Durable Woman Smartphone,Electronics,132.36
274,Durable Another Speaker,Electronics,361.42
275,Portable Alone Speaker,Electronics,863.52
276,Premium Sign Shoes,Apparel & Clothing,247.73
277,Minimalist Author Watch,Electronics,87.63
278,Portable Some Yoga Mat,Fitness & Outdoors,781.47
279,Portable Heavy Shoes,Apparel & Clothing,1299.9
280,Wireless Move Bookshelf,Home & Furniture,1188.83
281,Minimalist Medical Bicycle,Fitness & Outdoors,1048.6
282,Ergonomic Myself Shoes,Apparel & Clothing,622.34
283,Durable Head Chair,Home & Furniture,316.55
284,Wireless Order Shoes,Apparel & Clothing,1063.34
285,Ergonomic Old Sofa,Home & Furniture,948.02
286,Premium Free Yoga Mat,Fitness & Outdoors,839.03
287,Portable Tree Socks,Apparel & Clothing,845.57
288,Eco-Friendly Rule Jacket,Apparel & Clothing,110.34
289,Wireless Election Jacket,Apparel & Clothing,515.4
290,Eco-Friendly Trip Speaker,Electronics,892.01
291,Minimalist Seat Smartphone,Electronics,598.19
292,Ergonomic Color Tent,Fitness & Outdoors,961.01
293,Wireless Actually Dining Table,Home & Furniture,492.34
294,Premium Contain Socks,Apparel & Clothing,406.82
295,Wireless Animal Smartphone,Electronics,570.07
296,Ergonomic Sound Desk,Home & Furniture,1107.07
297,Premium Participant Jeans,Apparel & Clothing,1161.59
298,Durable Seat Bicycle,Fitness & Outdoors,79.48
299,Wireless Benefit Headphones,Electronics,446.87
300,Eco-Friendly Can Dining Table,Home & Furniture,718.65
301,Premium Best Water Bottle,Fitness & Outdoors,1142.0
302,Ergonomic Front Socks,Apparel & Clothing,1063.21
303,Minimalist Education Socks,Apparel & Clothing,738.2
304,Ergonomic Hair Backpack,Apparel & Clothing,464.41
305,Minimalist Mission Speaker,Electronics,910.39
306,Portable Learn Chair,Home & Furniture,208.34
307,Wireless Property Shoes,Apparel & Clothing,407.96
308,Wireless Audience Backpack,Apparel & Clothing,236.72
309,Portable Case Bicycle,Fitness & Outdoors,73.66
310,Eco-Friendly Recently Headphones,Electronics,283.29
311,Portable Include Jeans,Apparel & Clothing,1013.07
312,Portable Above Water Bottle,Fitness & Outdoors,711.46
313,Wireless Room Laptop,Electronics,1054.1
314,Smart Approach Tent,Fitness & Outdoors,1260.85
315,Durable Both Dumbbells,Fitness & Outdoors,1296.82
316,Smart Between Jeans,Apparel & Clothing,826.28
317,Portable Will Yoga Mat,Fitness & Outdoors,939.56
318,Minimalist Able Dumbbells,Fitness & Outdoors,65.73
319,Ergonomic Artist Jeans,Apparel & Clothing,741.94
320,Durable Or Headphones,Electronics,1134.24
321,Ergonomic Development Smartphone,Electronics,296.76
322,Minimalist True Chair,Home & Furniture,573.44
323,Durable Address Chair,Home & Furniture,687.41
324,Wireless Animal Backpack,Apparel & Clothing,323.73
325,Minimalist Assume Backpack,Apparel & Clothing,838.17
326,Portable Task Dining Table,Home & Furniture,418.61
327,Durable Authority Lamp,Home & Furniture,1008.99
328,Ergonomic Soon Bicycle,Fitness & Outdoors,401.03
329,Premium Break Yoga Mat,Fitness & Outdoors,880.28
330,Durable Prepare Jeans,Apparel & Clothing,420.95
331,Minimalist Nor Tent,Fitness & Outdoors,728.04
332,Durable Worry Sofa,Home & Furniture,1092.41
333,Eco-Friendly Cause Yoga Mat,Fitness & Outdoors,399.93
334,Durable Heart Jacket,Apparel & Clothing,764.67
335,Minimalist Bar Jacket,Apparel & Clothing,664.56
336,Premium Middle Water Bottle,Fitness & Outdoors,935.22
337,Premium Fast Chair,Home & Furniture,675.17
338,Smart Require Bookshelf,Home & Furniture,42.04
339,Durable Next Bookshelf,Home & Furniture,584.51
340,Minimalist Trial Yoga Mat,Fitness & Outdoors,1114.97
341,Smart Hear Jacket,Apparel & Clothing,345.68
342,Smart Ball Watch,Electronics,772.66
343,Wireless Seem Smartphone,Electronics,600.19
344,Smart Water Backpack,Apparel & Clothing,131.35
345,Wireless Goal Camera,Electronics,1071.22
346,Ergonomic Surface Tent,Fitness & Outdoors,531.75
347,Minimalist Goal Water Bottle,Fitness & Outdoors,323.82
348,Minimalist Book Smartphone,Electronics,932.32
349,Durable Mrs T-Shirt,Apparel & Clothing,165.95
350,Premium Family Tent,Fitness & Outdoors,1210.92
351,Ergonomic Either Dumbbells,Fitness & Outdoors,1115.77
352,Smart Sense Watch,Electronics,197.17
353,Portable Himself Dumbbells,Fitness & Outdoors,971.35
354,Minimalist Run Chair,Home & Furniture,981.37
355,Minimalist Our Laptop,Electronics,554.67
356,Eco-Friendly Example Dining Table,Home & Furniture,880.78
357,Durable Indeed Sofa,Home & Furniture,859.65
358,Eco-Friendly Mean Yoga Mat,Fitness & Outdoors,1285.66
359,Wireless Some Sofa,Home & Furniture,806.37
360,Smart Exactly Water Bottle,Fitness & Outdoors,137.04
361,Minimalist Resource Dumbbells,Fitness & Outdoors,1186.45
362,Premium Player Bookshelf,Home & Furniture,671.9
363,Premium Next Sofa,Home & Furniture,608.92
364,Premium Hospital Camera,Electronics,1152.27
365,Ergonomic East Chair,Home & Furniture,1250.1
366,Premium Life Jacket,Apparel & Clothing,1256.4
367,Durable Radio Sofa,Home & Furniture,38.31
368,Wireless Bank Bicycle,Fitness & Outdoors,893.49
369,Durable Certain Bookshelf,Home & Furniture,740.45
370,Wireless Friend Dining Table,Home & Furniture,364.46
371,Minimalist Popular Jacket,Apparel & Clothing,579.28
372,Wireless Budget Smartphone,Electronics,345.93
373,Premium Defense Watch,Electronics,876.42
374,Smart Year Jeans,Apparel & Clothing,1203.26
375,Portable Reflect Chair,Home & Furniture,242.57
376,Minimalist Area Dining Table,Home & Furniture,1013.19
377,Minimalist Group Watch,Electronics,930.76
378,Smart After Jeans,Apparel & Clothing,800.09
379,Premium View Dining Table,Home & Furniture,260.99
380,Eco-Friendly Talk Chair,Home & Furniture,418.92
381,Durable Fish Shoes,Apparel & Clothing,1236.48
382,Premium Reach Dumbbells,Fitness & Outdoors,408.47
383,Wireless Education Jeans,Apparel & Clothing,257.41
384,Ergonomic Nice Desk,Home & Furniture,430.78
385,Portable Picture Camera,Electronics,82.11
386,Portable Drop Backpack,Apparel & Clothing,39.07
387,Durable Painting Watch,Electronics,15.3
388,Wireless Draw Watch,Electronics,1096.72
389,Durable Prepare Bookshelf,Home & Furniture,915.91
390,Durable Law Socks,Apparel & Clothing,37.39
391,Eco-Friendly Seek Water Bottle,Fitness & Outdoors,601.82
392,Portable Main Socks,Apparel & Clothing,670.76
393,Wireless Long Bookshelf,Home & Furniture,710.35
394,Smart Response Camera,Electronics,1082.79
395,Smart Nearly T-Shirt,Apparel & Clothing,480.59
396,Durable Theory Bicycle,Fitness & Outdoors,737.77
397,Minimalist Interesting Desk,Home & Furniture,924.17
398,Smart Network Headphones,Electronics,792.33
399,Eco-Friendly Bring Yoga Mat,Fitness & Outdoors,243.6
400,Premium Wonder Tent,Fitness & Outdoors,1079.54
401,Minimalist Water Tent,Fitness & Outdoors,234.76
402,Portable Understand Chair,Home & Furniture,15.92
403,Durable Meeting Camera,Electronics,484.93
404,Durable Need Socks,Apparel & Clothing,794.25
405,Durable Often T-Shirt,Apparel & Clothing,238.12
406,Eco-Friendly Bank Lamp,Home & Furniture,584.52
407,Ergonomic Almost Smartphone,Electronics,128.3
408,Minimalist Dinner Smartphone,Electronics,341.14
409,Wireless Section Bicycle,Fitness & Outdoors,1182.14
410,Eco-Friendly Collection Jeans,Apparel & Clothing,86.12
411,Minimalist Mind Speaker,Electronics,565.34
412,Minimalist Bank Jacket,Apparel & Clothing,656.23
413,Wireless Nation Smartphone,Electronics,633.69
414,Minimalist Million Laptop,Electronics,361.42
415,Ergonomic Enter Dumbbells,Fitness & Outdoors,72.61
416,Premium Outside Chair,Home & Furniture,402.37
417,Minimalist Industry T-Shirt,Apparel & Clothing,442.57
418,Minimalist Experience Watch,Electronics,654.09
419,Minimalist National Tent,Fitness & Outdoors,210.05
420,Wireless Again Backpack,Apparel & Clothing,969.36
421,Wireless Food Shoes,Apparel & Clothing,673.67
422,Durable Trial Tent,Fitness & Outdoors,583.67
423,Eco-Friendly Walk Lamp,Home & Furniture,521.12
424,Premium Yes T-Shirt,Apparel & Clothing,596.64
425,Wireless Whatever Smartphone,Electronics,23.71
426,Durable Why Lamp,Home & Furniture,1010.87
427,Portable Ground Sofa,Home & Furniture,769.37
428,Smart Film Socks,Apparel & Clothing,269.84
429,Portable Tree Jeans,Apparel & Clothing,177.25
430,Wireless Just Headphones,Electronics,1194.81
431,Wireless Open Chair,Home & Furniture,643.83
432,Premium Hospital Water Bottle,Fitness & Outdoors,897.6
433,Minimalist Her Yoga Mat,Fitness & Outdoors,899.83
434,Portable Pay Speaker,Electronics,229.37
435,Portable Face Yoga Mat,Fitness & Outdoors,589.63
436,Premium Fear Shoes,Apparel & Clothing,888.99
437,Smart Other T-Shirt,Apparel & Clothing,718.35
438,Eco-Friendly Toward Water Bottle,Fitness & Outdoors,1165.3
439,Eco-Friendly Election Socks,Apparel & Clothing,891.42
440,Premium Myself Headphones,Electronics,858.25
441,Durable Popular Bookshelf,Home & Furniture,438.08
442,Durable Song Headphones,Electronics,1237.25
443,Durable Mouth Jacket,Apparel & Clothing,1106.48
444,Durable International Bookshelf,Home & Furniture,937.81
445,Durable Style Chair,Home & Furniture,719.95
446,Durable Over Water Bottle,Fitness & Outdoors,1200.87
447,Portable To Desk,Home & Furniture,1249.06
448,Minimalist Throughout Dumbbells,Fitness & Outdoors,791.69
449,Portable Section Jacket,Apparel & Clothing,712.42
450,Eco-Friendly Per Dumbbells,Fitness & Outdoors,700.83
451,Minimalist One Jacket,Apparel & Clothing,76.57
452,Ergonomic Score Jacket,Apparel & Clothing,867.31
453,Ergonomic Well Headphones,Electronics,753.63
454,Wireless Leader Jeans,Apparel & Clothing,361.94
455,Wireless If Chair,Home & Furniture,608.73
456,Ergonomic High Sofa,Home & Furniture,522.19
457,Smart Thousand Chair,Home & Furniture,187.21
458,Minimalist Than Yoga Mat,Fitness & Outdoors,415.44
459,Premium Step Socks,Apparel & Clothing,651.63
460,Portable Exist Headphones,Electronics,113.85
461,Ergonomic Region Yoga Mat,Fitness & Outdoors,325.15
462,Minimalist Prepare Dumbbells,Fitness & Outdoors,452.09
463,Ergonomic Area Water Bottle,Fitness & Outdoors,797.33
464,Durable Trial Socks,Apparel & Clothing,21.04
465,Eco-Friendly List Tent,Fitness & Outdoors,537.17
466,Durable Fire Dumbbells,Fitness & Outdoors,836.94
467,Premium Kitchen Speaker,Electronics,795.61
468,Wireless Year T-Shirt,Apparel & Clothing,625.82
469,Minimalist Each Speaker,Electronics,1216.38
470,Eco-Friendly Onto Watch,Electronics,1053.96
471,Minimalist Through Desk,Home & Furniture,1278.43
472,Durable Various Headphones,Electronics,610.08
473,Smart Business Water Bottle,Fitness & Outdoors,552.52
474,Durable Feeling Tent,Fitness & Outdoors,273.47
475,Premium Make T-Shirt,Apparel & Clothing,16.53
476,Ergonomic Range Lamp,Home & Furniture,690.42
477,Ergonomic Reflect Tent,Fitness & Outdoors,378.45
478,Durable This Water Bottle,Fitness & Outdoors,477.26
479,Portable Picture Backpack,Apparel & Clothing,1062.92
480,Eco-Friendly Board Desk,Home & Furniture,35.97
481,Portable Generation Speaker,Electronics,37.06
482,Smart Any Bookshelf,Home & Furniture,1012.79
483,Minimalist School Dumbbells,Fitness & Outdoors,855.01
484,Premium Cause Jacket,Apparel & Clothing,750.54
485,Wireless Effort Shoes,Apparel & Clothing,632.38
486,Portable Argue Bicycle,Fitness & Outdoors,1287.78
487,Wireless Republican Chair,Home & Furniture,45.15
488,Durable Reduce Chair,Home & Furniture,1103.78
489,Premium Thank Yoga Mat,Fitness & Outdoors,986.65
490,Portable Several Lamp,Home & Furniture,725.54
491,Smart Recognize Lamp,Home & Furniture,232.02
492,Durable Offer Chair,Home & Furniture,650.67
493,Portable White Chair,Home & Furniture,1051.26
494,Minimalist Game Yoga Mat,Fitness & Outdoors,436.92
495,Smart Nearly Camera,Electronics,981.02
496,Eco-Friendly If Dumbbells,Fitness & Outdoors,1165.03
497,Smart People Camera,Electronics,1037.04
498,Premium Marriage Lamp,Home & Furniture,1072.39
499,Minimalist Black Speaker,Electronics,107.96
500,Portable Political Dumbbells,Fitness & Outdoors,966.9
